Quality_Gate_Item,Evaluation_Focus,Status,Auditor_Notes
DR 3.1 Logical Architecture,Vendor-neutral functional zones & trust boundaries defined,PASSED,100% compliant with Chapter 2 analysis
DR 3.2 Physical Topology,"Rack placement, cabling strategy & naming conventions defined",PASSED,Fiber backbone & Cat6 horizontal specified
DR 3.3 IP Addressing Plan,"Supernet 10.10.0.0/16, VLSM subnets & governance policy set",PASSED,Zero IP overlap; gateway .1 convention enforced
DR 3.4 Layer 2 Design,"Enterprise VLAN plan, 802.1Q trunking & Native 999 isolation",PASSED,Rapid PVST+ Primary/Secondary Root priorities set
DR 3.5 Layer 3 Design,Collapsed Core SVI routing & default route egress defined,PASSED,L3 SVI chosen over RoAS with explicit trade-off
DR 3.6 Security Controls,"Inter-VLAN Extended ACLs, DHCP Snooping & BPDU Guard",PASSED,SME threat model mapped to SR-01..06 requirements
DR 3.7 High Availability,802.3ad LACP EtherChannel uplinks & failure domain limits,PASSED,Active-Active dual uplinks configured
DR 3.8 Production Codebase,5 modular Cisco IOS .cfg files & build logs created,PASSED,Standardized 7-module structure enforced
DR 3.9 Traceability Matrix,Master Golden Thread linking Business Needs to CLI Code,PASSED,Zero orphan configurations verified
DR 3.10 Implementation Review,"Scope creep audit, limitations documented & final sign-off",PASSED,System approved for Chapter 4 Testing
